{"stats":{"minecraft:killed":{"minecraft:villager":3,"minecraft:pillager":1,"minecraft:husk":5},"minecraft:custom":{"minecraft:jump":1,"minecraft:time_since_rest":15535,"minecraft:crouch_one_cm":6,"minecraft:damage_dealt":1876,"minecraft:play_one_minute":15535,"minecraft:leave_game":1,"minecraft:walk_one_cm":87,"minecraft:time_since_death":15535,"minecraft:sneak_time":569,"minecraft:mob_kills":9,"minecraft:fly_one_cm":162203},"minecraft:used":{"minecraft:fishing_rod":2,"minecraft:stone":26,"minecraft:husk_spawn_egg":9,"minecraft:villager_spawn_egg":6,"minecraft:pillager_spawn_egg":1}},"DataVersion":2575}