{"stats":{"minecraft:picked_up":{"minecraft:detector_rail":1,"minecraft:iron_ingot":197,"minecraft:birch_sign":1,"minecraft:poppy":47,"minecraft:powered_rail":1,"minecraft:rail":6},"minecraft:dropped":{"minecraft:name_tag":1},"minecraft:killed":{"minecraft:skeleton":1,"minecraft:iron_golem":14,"minecraft:villager":1},"minecraft:custom":{"minecraft:time_since_rest":258504,"minecraft:walk_one_cm":3070,"minecraft:interact_with_anvil":1,"minecraft:mob_kills":16,"minecraft:drop":1,"minecraft:damage_dealt":11810,"minecraft:fly_one_cm":1039909,"minecraft:crouch_one_cm":143,"minecraft:play_one_minute":258504,"minecraft:sneak_time":18185,"minecraft:jump":42,"minecraft:leave_game":1,"minecraft:time_since_death":258504,"minecraft:walk_on_water_one_cm":849},"minecraft:used":{"minecraft:birch_fence":71,"minecraft:redstone_torch":2,"minecraft:glass":909,"minecraft:water_bucket":17,"minecraft:packed_ice":150,"minecraft:lava_bucket":10,"minecraft:villager_spawn_egg":13,"minecraft:iron_block":51,"minecraft:redstone":5,"minecraft:powered_rail":35,"minecraft:stone_button":1,"minecraft:detector_rail":4,"minecraft:warped_sign":6,"minecraft:white_wool":2,"minecraft:birch_button":2,"minecraft:torch":8,"minecraft:anvil":1,"minecraft:rail":80,"minecraft:comparator":4,"minecraft:hopper":36,"minecraft:birch_sign":6,"minecraft:glass_pane":9,"minecraft:white_bed":12,"minecraft:repeating_command_block":2,"minecraft:warped_pressure_plate":23,"minecraft:pillager_spawn_egg":1}},"DataVersion":2574}