{"stats":{"minecraft:custom":{"minecraft:mob_kills":147,"minecraft:interact_with_anvil":2,"minecraft:tune_noteblock":1,"minecraft:play_one_minute":3840323,"minecraft:interact_with_stonecutter":3,"minecraft:leave_game":8,"minecraft:time_since_death":3840323,"minecraft:sleep_in_bed":1,"minecraft:time_since_rest":3426050,"minecraft:sprint_one_cm":1999,"minecraft:walk_one_cm":75924,"minecraft:drop":1,"minecraft:minecart_one_cm":236,"minecraft:damage_dealt":26760,"minecraft:talked_to_villager":11,"minecraft:fly_one_cm":2309080,"minecraft:crouch_one_cm":7991,"minecraft:sneak_time":105494,"minecraft:walk_under_water_one_cm":1067,"minecraft:boat_one_cm":726,"minecraft:jump":246,"minecraft:walk_on_water_one_cm":10215},"minecraft:mined":{"minecraft:white_bed":38},"minecraft:dropped":{"minecraft:anvil":1},"minecraft:used":{"minecraft:oak_trapdoor":70,"minecraft:netherite_sword":26,"minecraft:water_bucket":65,"minecraft:diorite":8,"minecraft:end_rod":100,"minecraft:enchanting_table":13,"minecraft:flint_and_steel":1,"minecraft:carved_pumpkin":1,"minecraft:redstone":43,"minecraft:powered_rail":179,"minecraft:oak_sign":4,"minecraft:birch_boat":2,"minecraft:stone":4,"minecraft:zombie_spawn_egg":21,"minecraft:redstone_block":3,"minecraft:fletching_table":53,"minecraft:stonecutter":72,"minecraft:vindicator_spawn_egg":27,"minecraft:soul_sand":35,"minecraft:rail":208,"minecraft:anvil":4,"minecraft:comparator":11,"minecraft:white_carpet":84,"minecraft:tnt":25,"minecraft:birch_sign":30,"minecraft:blue_ice":4,"minecraft:white_bed":100,"minecraft:sponge":35,"minecraft:note_block":4,"minecraft:light_blue_stained_glass":128,"minecraft:polished_diorite":3,"minecraft:birch_fence":36,"minecraft:redstone_torch":21,"minecraft:sticky_piston":4,"minecraft:glass":2149,"minecraft:lever":15,"minecraft:light_gray_stained_glass":65,"minecraft:daylight_detector":25,"minecraft:birch_fence_gate":92,"minecraft:villager_spawn_egg":217,"minecraft:command_block":5,"minecraft:quartz_slab":487,"minecraft:iron_block":52,"minecraft:light_weighted_pressure_plate":189,"minecraft:string":83,"minecraft:brown_stained_glass":18,"minecraft:detector_rail":4,"minecraft:diorite_wall":66,"minecraft:birch_button":3,"minecraft:tripwire_hook":4,"minecraft:fishing_rod":9,"minecraft:redstone_lamp":5,"minecraft:iron_trapdoor":96,"minecraft:jungle_button":2,"minecraft:white_stained_glass":281,"minecraft:sandstone_slab":14,"minecraft:minecart":23,"minecraft:chain":27,"minecraft:glass_pane":18,"minecraft:splash_potion":226,"minecraft:pillager_spawn_egg":9},"minecraft:killed":{"minecraft:vindicator":9,"minecraft:iron_golem":3,"minecraft:pillager":2,"minecraft:zombie":17,"minecraft:chicken":1,"minecraft:villager":115},"minecraft:picked_up":{"minecraft:feather":1,"minecraft:chicken":1,"minecraft:tripwire_hook":3,"minecraft:oak_sign":1,"minecraft:detector_rail":2,"minecraft:iron_ingot":5,"minecraft:light_weighted_pressure_plate":6,"minecraft:redstone_torch":8,"minecraft:powered_rail":75,"minecraft:redstone":8,"minecraft:arrow":2,"minecraft:rotten_flesh":7,"minecraft:birch_sign":3,"minecraft:iron_block":1,"minecraft:emerald":1,"minecraft:rail":12}},"DataVersion":2573}